salary,name_norm,team_norm,pos_norm,proj_points,source,name,team,pos,pts_per_1k,z_pos_source,salary_dollars_per_point,implied_points,delta_vs_implied
8200,christian mccaffrey,SF,RB,20.9,fantasypros,Christian McCaffrey,SF,RB,2.548780487804878,2.0989878874954475,389.110525580967,21.073703898800662,-0.17370389880066384
8100,jamarr chase,CIN,WR,19.7,fantasypros,Ja'Marr Chase,CIN,WR,2.432098765432099,2.253436069018245,389.110525580967,20.8167075097909,-1.1167075097908992
8000,ceedee lamb,DAL,WR,19.9,fantasypros,CeeDee Lamb,DAL,WR,2.4875,2.291759302504505,389.110525580967,20.559711120781134,-0.6597111207811359
7900,bijan robinson,ATL,RB,20.8,fantasypros,Bijan Robinson,ATL,RB,2.632911392405063,2.08258954462439,389.110525580967,20.30271473177137,0.4972852682286302
7800,saquon barkley,PHI,RB,19.2,fantasypros,Saquon Barkley,PHI,RB,2.4615384615384617,1.8202160586874587,389.110525580967,20.045718342761607,-0.8457183427616073
7700,puka nacua,LAR,WR,18.1,fantasypros,Puka Nacua,LAR,WR,2.3506493506493507,1.946850201128166,389.110525580967,19.788721953751843,-1.6887219537518412
7600,jahmyr gibbs,DET,RB,18.6,fantasypros,Jahmyr Gibbs,DET,RB,2.447368421052632,1.72182600146111,389.110525580967,19.53172556474208,-0.9317255647420772
7500,justin jefferson,MIN,WR,19.4,fantasypros,Justin Jefferson,MIN,WR,2.5866666666666664,2.195951218788855,389.110525580967,19.274729175732315,0.12527082426768388
7500,derrick henry,BAL,RB,17.8,fantasypros,Derrick Henry,BAL,RB,2.3733333333333335,1.5906392584926443,389.110525580967,19.274729175732315,-1.474729175732314
7400,josh allen,BUF,QB,23.2,fantasypros,Josh Allen,BUF,QB,3.135135135135135,1.388664091309244,389.110525580967,19.01773278672255,4.1822672132774485
7400,amonra st brown,DET,WR,18.9,fantasypros,Amon-Ra St. Brown,DET,WR,2.554054054054054,2.100143135073205,389.110525580967,19.01773278672255,-0.11773278672255216
7300,nico collins,HOU,WR,16.4,fantasypros,Nico Collins,HOU,WR,2.246575342465753,1.621102716494956,389.110525580967,18.760736397712787,-2.360736397712788
7300,lamar jackson,BAL,QB,24.1,fantasypros,Lamar Jackson,BAL,QB,3.301369863013699,1.5711163076856416,389.110525580967,18.760736397712787,5.339263602287215
7200,jonathan taylor,IND,RB,16.9,fantasypros,Jonathan Taylor,IND,RB,2.347222222222222,1.4430541726531203,389.110525580967,18.503740008703023,-1.6037400087030242
7200,malik nabers,NYG,WR,19.5,fantasypros,Malik Nabers,NYG,WR,2.7083333333333335,2.2151128355319853,389.110525580967,18.503740008703023,0.9962599912969772
7100,bucky irving,TB,RB,17.1,fantasypros,Bucky Irving,TB,RB,2.4084507042253525,1.4758508583952372,389.110525580967,18.24674361969326,-1.1467436196932574
7000,josh jacobs,GB,RB,16.4,fantasypros,Josh Jacobs,GB,RB,2.3428571428571425,1.3610624582978295,389.110525580967,17.989747230683495,-1.5897472306834963
7000,jayden daniels,WAS,QB,18.6,fantasypros,Jayden Daniels,WAS,QB,2.6571428571428575,0.4561305409409927,389.110525580967,17.989747230683495,0.6102527693165065
6900,chase brown,CIN,RB,16.6,fantasypros,Chase Brown,CIN,RB,2.4057971014492754,1.3938591440399462,389.110525580967,17.732750841673727,-1.132750841673726
6800,devon achane,MIA,RB,17.5,fantasypros,De'Von Achane,MIA,RB,2.573529411764706,1.5414442298794697,389.110525580967,17.475754452663963,0.024245547336036566
6800,jalen hurts,PHI,QB,22.1,fantasypros,Jalen Hurts,PHI,QB,3.2500000000000004,1.1656669379603146,389.110525580967,17.475754452663963,4.624245547336038
6800,ladd mcconkey,LAC,WR,15.1,fantasypros,Ladd McConkey,LAC,WR,2.2205882352941178,1.3720016988342667,389.110525580967,17.475754452663963,-2.375754452663964
6700,tyreek hill,MIA,WR,12.9,fantasypros,Tyreek Hill,MIA,WR,1.9253731343283582,0.9504461304854076,389.110525580967,17.2187580636542,-4.318758063654199
6700,ashton jeanty,LV,RB,16.1,fantasypros,Ashton Jeanty,LV,RB,2.4029850746268657,1.3118674296846553,389.110525580967,17.2187580636542,-1.118758063654198
6600,james cook,BUF,RB,18.7,fantasypros,James Cook,BUF,RB,2.8333333333333335,1.7382243443321677,389.110525580967,16.961761674644436,1.7382383253555638
6600,baker mayfield,TB,QB,19.7,fantasypros,Baker Mayfield,TB,QB,2.984848484848485,0.679127694289922,389.110525580967,16.961761674644436,2.7382383253555638
6600,mike evans,TB,WR,14.1,fantasypros,Mike Evans,TB,WR,2.1363636363636362,1.180385531402967,389.110525580967,16.961761674644436,-2.861761674644436
6500,jaxon smithnjigba,SEA,WR,16.1,fantasypros,Jaxon Smith-Njigba,SEA,WR,2.476923076923077,1.5636178662655666,389.110525580967,16.70476528563467,-0.6047652856346701
6500,james conner,ARI,RB,16.0,fantasypros,James Conner,ARI,RB,2.4615384615384617,1.295469086813597,389.110525580967,16.70476528563467,-0.7047652856346716
6400,kyren williams,LAR,RB,14.7,fantasypros,Kyren Williams,LAR,RB,2.2968749999999996,1.0822906294898405,389.110525580967,16.447768896624908,-1.7477688966249083
6400,jared goff,DET,QB,17.2,fantasypros,Jared Goff,DET,QB,2.6874999999999996,0.1723159821332635,389.110525580967,16.447768896624908,0.7522311033750917
6400,zay flowers,BAL,WR,15.5,fantasypros,Zay Flowers,BAL,WR,2.421875,1.4486481658067867,389.110525580967,16.447768896624908,-0.9477688966249076
6300,jordan love,GB,QB,17.8,fantasypros,Jordan Love,GB,QB,2.8253968253968256,0.2939507930508618,389.110525580967,16.190772507615144,1.609227492384857
6300,aj brown,PHI,WR,14.7,fantasypros,A.J. Brown,PHI,WR,2.3333333333333335,1.2953552318617467,389.110525580967,16.190772507615144,-1.4907725076151443
6300,emeka egbuka,TB,WR,14.3,fantasypros,Emeka Egbuka,TB,WR,2.26984126984127,1.2187087648892272,389.110525580967,16.190772507615144,-1.890772507615143
6300,alvin kamara,NO,RB,16.0,fantasypros,Alvin Kamara,NO,RB,2.5396825396825395,1.295469086813597,389.110525580967,16.190772507615144,-0.19077250761514364
6200,chuba hubbard,CAR,RB,14.6,fantasypros,Chuba Hubbard,CAR,RB,2.354838709677419,1.0658922866187823,389.110525580967,15.93377611860538,-1.33377611860538
6200,davante adams,LAR,WR,15.2,fantasypros,Davante Adams,LAR,WR,2.451612903225806,1.3911633155773966,389.110525580967,15.93377611860538,-0.7337761186053804
6200,garrett wilson,NYJ,WR,15.5,fantasypros,Garrett Wilson,NYJ,WR,2.5,1.4486481658067867,389.110525580967,15.93377611860538,-0.4337761186053797
6200,justin herbert,LAC,QB,18.9,fantasypros,Justin Herbert,LAC,QB,3.048387096774193,0.5169479463997911,389.110525580967,15.93377611860538,2.966223881394619
6100,tee higgins,CIN,WR,14.1,fantasypros,Tee Higgins,CIN,WR,2.3114754098360657,1.180385531402967,389.110525580967,15.676779729595616,-1.576779729595616
6100,deebo samuel sr,WAS,WR,13.0,fantasypros,Deebo Samuel Sr.,WAS,WR,2.1311475409836067,0.9696077472285375,389.110525580967,15.676779729595616,-2.6767797295956157
6100,javonte williams,DAL,RB,15.5,fantasypros,Javonte Williams,DAL,RB,2.540983606557377,1.213477372458306,389.110525580967,15.676779729595616,-0.17677972959561572
6100,kyler murray,ARI,QB,18.4,fantasypros,Kyler Murray,ARI,QB,3.0163934426229506,0.41558560396845945,389.110525580967,15.676779729595616,2.723220270404383
6000,drake london,ATL,WR,15.8,fantasypros,Drake London,ATL,WR,2.6333333333333333,1.5061330160361768,389.110525580967,15.419783340585852,0.38021665941414895
6000,breece hall,NYJ,RB,15.2,fantasypros,Breece Hall,NYJ,RB,2.533333333333333,1.1642823438451313,389.110525580967,15.419783340585852,-0.21978334058585247
6000,brock bowers,LV,TE,15.9,fantasypros,Brock Bowers,LV,TE,2.65,2.6932779045704125,389.110525580967,15.419783340585852,0.4802166594141486
6000,courtland sutton,DEN,WR,12.9,fantasypros,Courtland Sutton,DEN,WR,2.15,0.9504461304854076,389.110525580967,15.419783340585852,-2.5197833405858514
5900,tetairoa mcmillan,CAR,WR,13.3,fantasypros,Tetairoa McMillan,CAR,WR,2.254237288135593,1.0270925974579275,389.110525580967,15.162786951576088,-1.862786951576087
5900,dak prescott,DAL,QB,21.2,fantasypros,Dak Prescott,DAL,QB,3.5932203389830506,0.9832147215839172,389.110525580967,15.162786951576088,6.0372130484239115
5900,george pickens,DAL,WR,12.8,fantasypros,George Pickens,DAL,WR,2.169491525423729,0.9312845137422777,389.110525580967,15.162786951576088,-2.362786951576087
5900,jameson williams,DET,WR,12.7,fantasypros,Jameson Williams,DET,WR,2.1525423728813555,0.9121228969991475,389.110525580967,15.162786951576088,-2.4627869515760885
5800,terry mclaurin,WAS,WR,12.9,fantasypros,Terry McLaurin,WAS,WR,2.224137931034483,0.9504461304854076,389.110525580967,14.905790562566322,-2.0057905625663217
5800,bo nix,DEN,QB,18.1,fantasypros,Bo Nix,DEN,QB,3.120689655172414,0.354768198509661,389.110525580967,14.905790562566322,3.1942094374336794
5800,kenneth walker iii,SEA,RB,14.7,fantasypros,Kenneth Walker III,SEA,RB,2.5344827586206895,1.0822906294898405,389.110525580967,14.905790562566322,-0.20579056256632278
5800,xavier worthy,KC,WR,6.1,fantasypros,Xavier Worthy,KC,WR,1.0517241379310345,-0.35254380804743024,389.110525580967,14.905790562566322,-8.805790562566322
5700,jaylen waddle,MIA,WR,12.0,fantasypros,Jaylen Waddle,MIA,WR,2.1052631578947367,0.7779915797972379,389.110525580967,14.648794173556558,-2.648794173556558
5700,dk metcalf,PIT,WR,14.7,fantasypros,DK Metcalf,PIT,WR,2.578947368421052,1.2953552318617467,389.110525580967,14.648794173556558,0.05120582644344118
5700,matthew stafford,LAR,QB,16.3,fantasypros,Matthew Stafford,LAR,QB,2.8596491228070176,-0.010136234243133315,389.110525580967,14.648794173556558,1.6512058264434426
5700,tony pollard,TEN,RB,13.4,fantasypros,Tony Pollard,TEN,RB,2.3508771929824563,0.8691121721660842,389.110525580967,14.648794173556558,-1.2487941735565578
5700,jk dobbins,DEN,RB,12.8,fantasypros,J.K. Dobbins,DEN,RB,2.245614035087719,0.7707221149397351,389.110525580967,14.648794173556558,-1.8487941735565574
5700,trey mcbride,ARI,TE,16.0,fantasypros,Trey McBride,ARI,TE,2.807017543859649,2.720532375734778,389.110525580967,14.648794173556558,1.351205826443442
5600,michael penix jr,ATL,QB,17.0,fantasypros,Michael Penix Jr.,ATL,QB,3.035714285714286,0.13177104516073093,389.110525580967,14.391797784546794,2.608202215453206
5600,jakobi meyers,LV,WR,12.7,fantasypros,Jakobi Meyers,LV,WR,2.267857142857143,0.9121228969991475,389.110525580967,14.391797784546794,-1.6917977845467949
5600,omarion hampton,LAC,RB,12.4,fantasypros,Omarion Hampton,LAC,RB,2.2142857142857144,0.7051287434555024,389.110525580967,14.391797784546794,-1.9917977845467938
5600,caleb williams,CHI,QB,18.7,fantasypros,Caleb Williams,CHI,QB,3.3392857142857144,0.4764030094272586,389.110525580967,14.391797784546794,4.308202215453205
5600,dandre swift,CHI,RB,12.4,fantasypros,D'Andre Swift,CHI,RB,2.2142857142857144,0.7051287434555024,389.110525580967,14.391797784546794,-1.9917977845467938
5600,marvin harrison jr,ARI,WR,14.3,fantasypros,Marvin Harrison Jr.,ARI,WR,2.553571428571429,1.2187087648892272,389.110525580967,14.391797784546794,-0.09179778454679344
5600,david montgomery,DET,RB,12.4,fantasypros,David Montgomery,DET,RB,2.2142857142857144,0.7051287434555024,389.110525580967,14.391797784546794,-1.9917977845467938
5500,cj stroud,HOU,QB,16.8,fantasypros,C.J. Stroud,HOU,QB,3.0545454545454547,0.0912261081881984,389.110525580967,14.13480139553703,2.6651986044629705
5500,jake browning,CIN,QB,16.5,fantasypros,Jake Browning,CIN,QB,3.0,0.030408702729399228,389.110525580967,14.13480139553703,2.36519860446297
5500,jaylen warren,PIT,RB,14.7,fantasypros,Jaylen Warren,PIT,RB,2.6727272727272724,1.0822906294898405,389.110525580967,14.13480139553703,0.5651986044629691
5500,jacory croskeymerritt,WAS,RB,11.8,fantasypros,Jacory Croskey-Merritt,WAS,RB,2.1454545454545455,0.6067386862291533,389.110525580967,14.13480139553703,-2.3348013955370295
5500,ricky pearsall,SF,WR,12.5,fantasypros,Ricky Pearsall,SF,WR,2.272727272727273,0.8737996635128876,389.110525580967,14.13480139553703,-1.6348013955370302
5400,tua tagovailoa,MIA,QB,14.0,fantasypros,Tua Tagovailoa,MIA,QB,2.5925925925925926,-0.4764030094272593,389.110525580967,13.877805006527266,0.12219499347273377
5400,khalil shakir,BUF,WR,11.2,fantasypros,Khalil Shakir,BUF,WR,2.074074074074074,0.624698645852198,389.110525580967,13.877805006527266,-2.677805006527267
5400,jordan mason,MIN,RB,14.1,fantasypros,Jordan Mason,MIN,RB,2.6111111111111107,0.9839005722634914,389.110525580967,13.877805006527266,0.22219499347273342
5400,treveyon henderson,NE,RB,11.3,fantasypros,TreVeyon Henderson,NE,RB,2.0925925925925926,0.5247469718738623,389.110525580967,13.877805006527266,-2.5778050065272655
5400,daniel jones,IND,QB,17.5,fantasypros,Daniel Jones,IND,QB,3.2407407407407405,0.23313338759206265,389.110525580967,13.877805006527266,3.6221949934727338
5400,quentin johnston,LAC,WR,10.5,fantasypros,Quentin Johnston,LAC,WR,1.9444444444444444,0.49056732865028835,389.110525580967,13.877805006527266,-3.3778050065272662
5400,dj moore,CHI,WR,12.7,fantasypros,DJ Moore,CHI,WR,2.3518518518518516,0.9121228969991475,389.110525580967,13.877805006527266,-1.177805006527267
5300,keon coleman,BUF,WR,10.5,fantasypros,Keon Coleman,BUF,WR,1.9811320754716981,0.49056732865028835,389.110525580967,13.620808617517502,-3.1208086175175023
5300,aaron jones sr,MIN,RB,4.1,fantasypros,Aaron Jones Sr.,MIN,RB,0.7735849056603773,-0.6559337148423271,389.110525580967,13.620808617517502,-9.520808617517503
5300,drake maye,NE,QB,19.3,fantasypros,Drake Maye,NE,QB,3.6415094339622645,0.598037820344857,389.110525580967,13.620808617517502,5.679191382482498
5300,rhamondre stevenson,NE,RB,11.2,fantasypros,Rhamondre Stevenson,NE,RB,2.1132075471698113,0.508348629002804,389.110525580967,13.620808617517502,-2.420808617517503
5300,devonta smith,PHI,WR,12.9,fantasypros,DeVonta Smith,PHI,WR,2.4339622641509435,0.9504461304854076,389.110525580967,13.620808617517502,-0.7208086175175019
5300,justin fields,NYJ,QB,16.7,fantasypros,Justin Fields,NYJ,QB,3.150943396226415,0.07095363970193176,389.110525580967,13.620808617517502,3.079191382482497
5300,rome odunze,CHI,WR,13.1,fantasypros,Rome Odunze,CHI,WR,2.4716981132075473,0.9887693639716674,389.110525580967,13.620808617517502,-0.5208086175175026
5300,russell wilson,NYG,QB,16.1,fantasypros,Russell Wilson,NYG,QB,3.037735849056604,-0.05068117121566586,389.110525580967,13.620808617517502,2.479191382482499
5200,dylan sampson,CLE,RB,6.3,fantasypros,Dylan Sampson,CLE,RB,1.2115384615384615,-0.295170171679047,389.110525580967,13.363812228507738,-7.0638122285077385
5200,jerry jeudy,CLE,WR,11.0,fantasypros,Jerry Jeudy,CLE,WR,2.1153846153846154,0.5863754123659382,389.110525580967,13.363812228507738,-2.3638122285077383
5200,nick chubb,HOU,RB,10.6,fantasypros,Nick Chubb,HOU,RB,2.0384615384615383,0.4099585717764549,389.110525580967,13.363812228507738,-2.7638122285077387
5200,aaron rodgers,PIT,QB,15.3,fantasypros,Aaron Rodgers,PIT,QB,2.9423076923076925,-0.21286091910579674,389.110525580967,13.363812228507738,1.9361877714922624
5200,geno smith,LV,QB,16.7,fantasypros,Geno Smith,LV,QB,3.2115384615384612,0.07095363970193176,389.110525580967,13.363812228507738,3.336187771492261
5200,chris olave,NO,WR,12.6,fantasypros,Chris Olave,NO,WR,2.423076923076923,0.8929612802560176,389.110525580967,13.363812228507738,-0.7638122285077387
5200,isiah pacheco,KC,RB,11.4,fantasypros,Isiah Pacheco,KC,RB,2.1923076923076925,0.5411453147449204,389.110525580967,13.363812228507738,-1.963812228507738
5100,matthew golden,GB,WR,9.5,fantasypros,Matthew Golden,GB,WR,1.8627450980392157,0.2989511612189887,389.110525580967,13.106815839497974,-3.6068158394979744
5100,rachaad white,TB,RB,7.0,fantasypros,Rachaad White,TB,RB,1.3725490196078431,-0.18038177158163968,389.110525580967,13.106815839497974,-6.106815839497974
5100,calvin ridley,TEN,WR,11.9,fantasypros,Calvin Ridley,TEN,WR,2.3333333333333335,0.758829963054108,389.110525580967,13.106815839497974,-1.206815839497974
5100,najee harris,LAC,RB,6.3,fantasypros,Najee Harris,LAC,RB,1.2352941176470589,-0.295170171679047,389.110525580967,13.106815839497974,-6.8068158394979745
5100,sam darnold,SEA,QB,15.6,fantasypros,Sam Darnold,SEA,QB,3.058823529411765,-0.15204351364699792,389.110525580967,13.106815839497974,2.4931841605020253
5100,tyrone tracy jr,NYG,RB,9.0,fantasypros,Tyrone Tracy Jr.,NYG,RB,1.7647058823529413,0.147585085839524,389.110525580967,13.106815839497974,-4.106815839497974
5000,bryce young,CAR,QB,15.8,fantasypros,Bryce Young,CAR,QB,3.16,-0.11149857667446503,389.110525580967,12.849819450488209,2.950180549511792
5000,quinshon judkins,CLE,RB,10.2,fantasypros,Quinshon Judkins,CLE,RB,2.04,0.3443652002922221,389.110525580967,12.849819450488209,-2.6498194504882093
5000,braelon allen,NYJ,RB,6.6,fantasypros,Braelon Allen,NYJ,RB,1.3199999999999998,-0.24597514306587248,389.110525580967,12.849819450488209,-6.249819450488209
5000,cooper kupp,SEA,WR,10.5,fantasypros,Cooper Kupp,SEA,WR,2.1,0.49056732865028835,389.110525580967,12.849819450488209,-2.3498194504882086
5000,mac jones,SF,QB,16.6,fantasypros,Mac Jones,SF,QB,3.3200000000000003,0.05068117121566586,389.110525580967,12.849819450488209,3.750180549511793
5000,jauan jennings,SF,WR,12.4,fantasypros,Jauan Jennings,SF,WR,2.48,0.8546380467697577,389.110525580967,12.849819450488209,-0.44981945048820826
5000,cam skattebo,NYG,RB,9.9,fantasypros,Cam Skattebo,NYG,RB,1.98,0.29517017167904774,389.110525580967,12.849819450488209,-2.9498194504882083
5000,travis kelce,KC,TE,11.1,fantasypros,Travis Kelce,KC,TE,2.2199999999999998,1.3850632886808687,389.110525580967,12.849819450488209,-1.749819450488209
4900,cam ward,TEN,QB,15.0,fantasypros,Cam Ward,TEN,QB,3.061224489795918,-0.2736783245645959,389.110525580967,12.592823061478445,2.4071769385215553
4900,michael pittman jr,IND,WR,11.7,fantasypros,Michael Pittman Jr.,IND,WR,2.387755102040816,0.7205067295678478,389.110525580967,12.592823061478445,-0.8928230614784454
4900,spencer rattler,NO,QB,11.6,fantasypros,Spencer Rattler,NO,QB,2.36734693877551,-0.9629422530976517,389.110525580967,12.592823061478445,-0.992823061478445
4800,joe flacco,CLE,QB,13.3,fantasypros,Joe Flacco,CLE,QB,2.7708333333333335,-0.6183102888311236,389.110525580967,12.33582667246868,0.96417332753132
4800,romeo doubs,GB,WR,9.8,fantasypros,Romeo Doubs,GB,WR,2.041666666666667,0.3564360114483787,389.110525580967,12.33582667246868,-2.53582667246868
4800,stefon diggs,NE,WR,11.6,fantasypros,Stefon Diggs,NE,WR,2.4166666666666665,0.7013451128247179,389.110525580967,12.33582667246868,-0.735826672468681
4800,tyrod taylor,NYJ,QB,0.4,fantasypros,Tyrod Taylor,NYJ,QB,0.08333333333333334,-3.233458723559482,389.110525580967,12.33582667246868,-11.93582667246868
4800,zach charbonnet,SEA,RB,10.9,fantasypros,Zach Charbonnet,SEA,RB,2.2708333333333335,0.45915360038962955,389.110525580967,12.33582667246868,-1.4358266724686803
4800,brian robinson jr,SF,RB,6.1,fantasypros,Brian Robinson Jr.,SF,RB,1.2708333333333333,-0.3279668574211634,389.110525580967,12.33582667246868,-6.235826672468681
4700,rico dowdle,CAR,RB,6.0,fantasypros,Rico Dowdle,CAR,RB,1.276595744680851,-0.3443652002922215,389.110525580967,12.078830283458917,-6.078830283458917
4700,tyler allgeier,ATL,RB,7.4,fantasypros,Tyler Allgeier,ATL,RB,1.574468085106383,-0.11478840009740689,389.110525580967,12.078830283458917,-4.678830283458916
4700,tucker kraft,GB,TE,11.8,fantasypros,Tucker Kraft,GB,TE,2.5106382978723403,1.5758445868314275,389.110525580967,12.078830283458917,-0.27883028345891603
4700,christian kirk,HOU,WR,7.1,fantasypros,Christian Kirk,HOU,WR,1.5106382978723403,-0.16092764061613057,389.110525580967,12.078830283458917,-4.978830283458917
4700,rj harvey,DEN,RB,8.7,fantasypros,RJ Harvey,DEN,RB,1.8510638297872337,0.09839005722634935,389.110525580967,12.078830283458917,-3.3788302834589174
4700,keenan allen,LAC,WR,12.4,fantasypros,Keenan Allen,LAC,WR,2.6382978723404253,0.8546380467697577,389.110525580967,12.078830283458917,0.3211697165410836
4700,kareem hunt,KC,RB,6.8,fantasypros,Kareem Hunt,KC,RB,1.4468085106382977,-0.21317845732375607,389.110525580967,12.078830283458917,-5.278830283458917
4700,wandale robinson,NYG,WR,11.4,fantasypros,Wan'Dale Robinson,NYG,WR,2.425531914893617,0.6630218793384581,389.110525580967,12.078830283458917,-0.6788302834589164
4600,jerome ford,CLE,RB,6.9,fantasypros,Jerome Ford,CLE,RB,1.5000000000000002,-0.1967801144526978,389.110525580967,11.821833894449153,-4.921833894449152
4600,dameon pierce,HOU,RB,2.4,fantasypros,Dameon Pierce,HOU,RB,0.5217391304347826,-0.9347055436503161,389.110525580967,11.821833894449153,-9.421833894449152
4600,antonio gibson,NE,RB,3.4,fantasypros,Antonio Gibson,NE,RB,0.7391304347826088,-0.7707221149397343,389.110525580967,11.821833894449153,-8.421833894449152
4600,kayshon boutte,NE,WR,10.5,fantasypros,Kayshon Boutte,NE,WR,2.2826086956521743,0.49056732865028835,389.110525580967,11.821833894449153,-1.3218338944491528
4600,rashid shaheed,NO,WR,10.0,fantasypros,Rashid Shaheed,NO,WR,2.173913043478261,0.39475924493463854,389.110525580967,11.821833894449153,-1.8218338944491528
4500,darnell mooney,ATL,WR,10.0,fantasypros,Darnell Mooney,ATL,WR,2.2222222222222223,0.39475924493463854,389.110525580967,11.564837505439389,-1.5648375054393888
4500,cedric tillman,CLE,WR,10.5,fantasypros,Cedric Tillman,CLE,WR,2.3333333333333335,0.49056732865028835,389.110525580967,11.564837505439389,-1.0648375054393888
4500,kenneth gainwell,PIT,RB,5.7,fantasypros,Kenneth Gainwell,PIT,RB,1.2666666666666666,-0.39356022890539605,389.110525580967,11.564837505439389,-5.864837505439389
4500,miles sanders,DAL,RB,4.9,fantasypros,Miles Sanders,DAL,RB,1.088888888888889,-0.5247469718738614,389.110525580967,11.564837505439389,-6.6648375054393885
4500,trey benson,ARI,RB,8.9,fantasypros,Trey Benson,ARI,RB,1.9777777777777779,0.13118674296846589,389.110525580967,11.564837505439389,-2.6648375054393885
4500,justice hill,BAL,RB,4.5,fantasypros,Justice Hill,BAL,RB,1.0,-0.5903403433580943,389.110525580967,11.564837505439389,-7.064837505439389
4500,rashod bateman,BAL,WR,8.6,fantasypros,Rashod Bateman,BAL,WR,1.911111111111111,0.12649661053081893,389.110525580967,11.564837505439389,-2.964837505439389
4500,sam laporta,DET,TE,11.2,fantasypros,Sam LaPorta,DET,TE,2.488888888888889,1.412317759845234,389.110525580967,11.564837505439389,-0.36483750543938953
4400,joshua palmer,BUF,WR,8.1,fantasypros,Joshua Palmer,BUF,WR,1.8409090909090906,0.030688526815169086,389.110525580967,11.307841116429625,-3.207841116429625
4400,woody marks,HOU,RB,4.3,fantasypros,Woody Marks,HOU,RB,0.9772727272727272,-0.6231370291002106,389.110525580967,11.307841116429625,-7.007841116429625
4400,kaleb johnson,PIT,RB,4.3,fantasypros,Kaleb Johnson,PIT,RB,0.9772727272727272,-0.6231370291002106,389.110525580967,11.307841116429625,-7.007841116429625
4400,josh downs,IND,WR,10.3,fantasypros,Josh Downs,IND,WR,2.340909090909091,0.4522440951640285,389.110525580967,11.307841116429625,-1.0078411164296242
4400,tyler warren,IND,TE,11.3,fantasypros,Tyler Warren,IND,TE,2.5681818181818183,1.4395722310096,389.110525580967,11.307841116429625,-0.007841116429624151
4400,jeremy mcnichols,WAS,RB,4.8,fantasypros,Jeremy McNichols,WAS,RB,1.0909090909090908,-0.5411453147449198,389.110525580967,11.307841116429625,-6.507841116429625
4300,ollie gordon ii,MIA,RB,4.0,fantasypros,Ollie Gordon II,MIA,RB,0.9302325581395349,-0.6723320577133852,389.110525580967,11.050844727419861,-7.050844727419861
4300,adam thielen,MIN,WR,8.5,fantasypros,Adam Thielen,MIN,WR,1.9767441860465118,0.10733499378768901,389.110525580967,11.050844727419861,-2.550844727419861
4300,tank bigsby,PHI,RB,1.1,fantasypros,Tank Bigsby,PHI,RB,0.2558139534883721,-1.1478840009740725,389.110525580967,11.050844727419861,-9.950844727419861
4300,alec pierce,IND,WR,7.6,fantasypros,Alec Pierce,IND,WR,1.7674418604651163,-0.06511955690048074,389.110525580967,11.050844727419861,-3.4508447274198613
4300,deandre hopkins,BAL,WR,7.9,fantasypros,DeAndre Hopkins,BAL,WR,1.8372093023255816,-0.00763470667109071,389.110525580967,11.050844727419861,-3.1508447274198605
4300,mark andrews,BAL,TE,8.8,fantasypros,Mark Andrews,BAL,TE,2.046511627906977,0.7582104519004629,389.110525580967,11.050844727419861,-2.25084472741986
4200,jayden higgins,HOU,WR,7.4,fantasypros,Jayden Higgins,HOU,WR,1.7619047619047619,-0.10344279038674054,389.110525580967,10.793848338410095,-3.393848338410095
4200,blake corum,LAR,RB,4.1,fantasypros,Blake Corum,LAR,RB,0.976190476190476,-0.6559337148423271,389.110525580967,10.793848338410095,-6.6938483384100955
4200,dj giddens,IND,RB,1.5,fantasypros,DJ Giddens,IND,RB,0.35714285714285715,-1.0822906294898398,389.110525580967,10.793848338410095,-9.293848338410095
4200,zamir white,LV,RB,2.3,fantasypros,Zamir White,LV,RB,0.5476190476190476,-0.9511038865213743,389.110525580967,10.793848338410095,-8.493848338410096
4200,zach ertz,WAS,TE,9.6,fantasypros,Zach Ertz,WAS,TE,2.2857142857142856,0.9762462212153864,389.110525580967,10.793848338410095,-1.1938483384100955
4200,luther burden iii,CHI,WR,3.0,fantasypros,Luther Burden III,CHI,WR,0.7142857142857143,-0.9465539270844592,389.110525580967,10.793848338410095,-7.793848338410095
4100,ray davis,BUF,RB,5.4,fantasypros,Ray Davis,BUF,RB,1.3170731707317076,-0.4427552575185706,389.110525580967,10.536851949400331,-5.136851949400331
4100,david njoku,CLE,TE,9.4,fantasypros,David Njoku,CLE,TE,2.2926829268292686,0.9217372788866557,389.110525580967,10.536851949400331,-1.1368519494003309
4100,demario douglas,NE,WR,8.4,fantasypros,DeMario Douglas,NE,WR,2.048780487804878,0.08817337704455912,389.110525580967,10.536851949400331,-2.136851949400331
4100,chris rodriguez jr,WAS,RB,2.3,fantasypros,Chris Rodriguez Jr.,WAS,RB,0.5609756097560976,-0.9511038865213743,389.110525580967,10.536851949400331,-8.236851949400332
4100,donte thornton jr,LV,WR,5.5,fantasypros,Dont'e Thornton Jr.,LV,WR,1.3414634146341464,-0.46751350850621,389.110525580967,10.536851949400331,-5.036851949400331
4100,kyle monangai,CHI,RB,4.3,fantasypros,Kyle Monangai,CHI,RB,1.048780487804878,-0.6231370291002106,389.110525580967,10.536851949400331,-6.236851949400331
4000,ty johnson,BUF,RB,3.5,fantasypros,Ty Johnson,BUF,RB,0.875,-0.7543237720686762,389.110525580967,10.279855560390567,-6.779855560390567
4000,dalton kincaid,BUF,TE,8.7,fantasypros,Dalton Kincaid,BUF,TE,2.175,0.7309559807360969,389.110525580967,10.279855560390567,-1.579855560390568
4000,trevor etienne,CAR,RB,0.8,fantasypros,Trevor Etienne,CAR,RB,0.2,-1.197079029587247,389.110525580967,10.279855560390567,-9.479855560390567
4000,chris brooks,GB,RB,3.1,fantasypros,Chris Brooks,GB,RB,0.775,-0.8199171435529089,389.110525580967,10.279855560390567,-7.179855560390568
4000,emanuel wilson,GB,RB,1.6,fantasypros,Emanuel Wilson,GB,RB,0.4,-1.0658922866187817,389.110525580967,10.279855560390567,-8.679855560390568
4000,carson wentz,MIN,QB,14.7,fantasypros,Carson Wentz,MIN,QB,3.675,-0.3344957300233951,389.110525580967,10.279855560390567,4.420144439609432
4000,samaje perine,CIN,RB,2.0,fantasypros,Samaje Perine,CIN,RB,0.5,-1.000298915134549,389.110525580967,10.279855560390567,-8.279855560390567
4000,tahj brooks,CIN,RB,0.9,fantasypros,Tahj Brooks,CIN,RB,0.225,-1.1806806867161888,389.110525580967,10.279855560390567,-9.379855560390567
4000,calvin austin iii,PIT,WR,8.6,fantasypros,Calvin Austin III,PIT,WR,2.15,0.12649661053081893,389.110525580967,10.279855560390567,-1.6798555603905676
4000,aj dillon,PHI,RB,5.5,fantasypros,A.J. Dillon,PHI,RB,1.375,-0.42635691464751246,389.110525580967,10.279855560390567,-4.779855560390567
4000,jarquez hunter,LAR,RB,0.2,fantasypros,Jarquez Hunter,LAR,RB,0.05,-1.295469086813596,389.110525580967,10.279855560390567,-10.079855560390568
4000,sean tucker,TB,RB,1.1,fantasypros,Sean Tucker,TB,RB,0.275,-1.1478840009740725,389.110525580967,10.279855560390567,-9.179855560390568
4000,isaiah davis,NYJ,RB,2.8,fantasypros,Isaiah Davis,NYJ,RB,0.7,-0.8691121721660835,389.110525580967,10.279855560390567,-7.479855560390567
4000,julius chestnut,TEN,RB,3.0,fantasypros,Julius Chestnut,TEN,RB,0.75,-0.836315486423967,389.110525580967,10.279855560390567,-7.279855560390567
4000,marcus mariota,WAS,QB,0.0,fantasypros,Marcus Mariota,WAS,QB,0.0,-3.3145485975045474,389.110525580967,10.279855560390567,-10.279855560390567
4000,dylan laube,LV,RB,0.8,fantasypros,Dylan Laube,LV,RB,0.2,-1.197079029587247,389.110525580967,10.279855560390567,-9.479855560390567
4000,hassan haskins,LAC,RB,0.4,fantasypros,Hassan Haskins,LAC,RB,0.1,-1.2626724010714798,389.110525580967,10.279855560390567,-9.879855560390567
4000,tyler badie,DEN,RB,1.7,fantasypros,Tyler Badie,DEN,RB,0.425,-1.0494939437477233,389.110525580967,10.279855560390567,-8.579855560390568
4000,troy franklin,DEN,WR,9.7,fantasypros,Troy Franklin,DEN,WR,2.425,0.3372743947052485,389.110525580967,10.279855560390567,-0.579855560390568
4000,kendre miller,NO,RB,3.6,fantasypros,Kendre Miller,NO,RB,0.9,-0.737925429197618,389.110525580967,10.279855560390567,-6.679855560390568
4000,devin neal,NO,RB,0.2,fantasypros,Devin Neal,NO,RB,0.05,-1.295469086813596,389.110525580967,10.279855560390567,-10.079855560390568
4000,roschon johnson,CHI,RB,1.0,fantasypros,Roschon Johnson,CHI,RB,0.25,-1.1642823438451306,389.110525580967,10.279855560390567,-9.279855560390567
4000,jake ferguson,DAL,TE,10.6,fantasypros,Jake Ferguson,DAL,TE,2.65,1.2487909328590414,389.110525580967,10.279855560390567,0.3201444396094324
4000,isaac guerendo,SF,RB,0.8,fantasypros,Isaac Guerendo,SF,RB,0.2,-1.197079029587247,389.110525580967,10.279855560390567,-9.479855560390567
4000,emari demercado,ARI,RB,0.0,fantasypros,Emari Demercado,ARI,RB,0.0,-1.3282657725557125,389.110525580967,10.279855560390567,-10.279855560390567
4000,brashard smith,KC,RB,1.3,fantasypros,Brashard Smith,KC,RB,0.325,-1.1150873152319563,389.110525580967,10.279855560390567,-8.979855560390567
4000,devin singletary,NYG,RB,1.3,fantasypros,Devin Singletary,NYG,RB,0.325,-1.1150873152319563,389.110525580967,10.279855560390567,-8.979855560390567
4000,craig reynolds,DET,RB,0.7,fantasypros,Craig Reynolds,DET,RB,0.175,-1.2134773724583052,389.110525580967,10.279855560390567,-9.579855560390568
3900,rayray mccloud iii,ATL,WR,5.5,fantasypros,Ray-Ray McCloud III,ATL,WR,1.4102564102564104,-0.46751350850621,389.110525580967,10.022859171380803,-4.522859171380803
3900,kyle pitts sr,ATL,TE,9.5,fantasypros,Kyle Pitts Sr.,ATL,TE,2.435897435897436,0.9489917500510211,389.110525580967,10.022859171380803,-0.5228591713808033
3900,jack bech,LV,WR,1.4,fantasypros,Jack Bech,LV,WR,0.358974358974359,-1.2531397949745384,389.110525580967,10.022859171380803,-8.622859171380803
3900,juwan johnson,NO,TE,11.1,fantasypros,Juwan Johnson,NO,TE,2.8461538461538463,1.3850632886808687,389.110525580967,10.022859171380803,1.0771408286191964
3900,kavontae turpin,DAL,WR,6.0,fantasypros,KaVontae Turpin,DAL,WR,1.5384615384615385,-0.3717054247905601,389.110525580967,10.022859171380803,-4.022859171380803
3900,tyquan thornton,KC,WR,7.6,fantasypros,Tyquan Thornton,KC,WR,1.9487179487179487,-0.06511955690048074,389.110525580967,10.022859171380803,-2.4228591713808036
3800,bills,BUF,DST,7.6,fantasypros,Bills ,BUF,DST,2.0,1.7309536093073927,389.110525580967,9.76586278237104,-2.1658627823710397
3800,jalen nailor,MIN,WR,7.1,fantasypros,Jalen Nailor,MIN,WR,1.868421052631579,-0.16092764061613057,389.110525580967,9.76586278237104,-2.6658627823710397
3800,tj hockenson,MIN,TE,10.1,fantasypros,T.J. Hockenson,MIN,TE,2.6578947368421053,1.112518577037214,389.110525580967,9.76586278237104,0.3341372176289603
3800,hunter henry,NE,TE,9.1,fantasypros,Hunter Henry,NE,TE,2.3947368421052633,0.839973865393559,389.110525580967,9.76586278237104,-0.6658627823710397
3800,marvin mims jr,DEN,WR,8.5,fantasypros,Marvin Mims Jr.,DEN,WR,2.236842105263158,0.10733499378768901,389.110525580967,9.76586278237104,-1.2658627823710393
3800,brandin cooks,NO,WR,4.3,fantasypros,Brandin Cooks,NO,WR,1.131578947368421,-0.6974529094237696,389.110525580967,9.76586278237104,-5.4658627823710395
3800,juju smithschuster,KC,WR,5.8,fantasypros,JuJu Smith-Schuster,KC,WR,1.5263157894736843,-0.4100286582768201,389.110525580967,9.76586278237104,-3.9658627823710395
3700,elijah moore,BUF,WR,5.7,fantasypros,Elijah Moore,BUF,WR,1.5405405405405406,-0.42919027501995,389.110525580967,9.508866393361275,-3.808866393361275
3700,hunter renfrow,CAR,WR,6.4,fantasypros,Hunter Renfrow,CAR,WR,1.7297297297297298,-0.2950589578180402,389.110525580967,9.508866393361275,-3.108866393361275
3700,dontayvion wicks,GB,WR,8.8,fantasypros,Dontayvion Wicks,GB,WR,2.3783783783783785,0.16481984401707905,389.110525580967,9.508866393361275,-0.7088663933612747
3700,packers,GB,DST,7.7,fantasypros,Packers ,GB,DST,2.081081081081081,1.8409117279314287,389.110525580967,9.508866393361275,-1.8088663933612752
3700,dallas goedert,PHI,TE,6.6,fantasypros,Dallas Goedert,PHI,TE,1.7837837837837835,0.15861208628442183,389.110525580967,9.508866393361275,-2.9088663933612757
3700,elic ayomanor,TEN,WR,9.2,fantasypros,Elic Ayomanor,TEN,WR,2.486486486486486,0.24146631098959864,389.110525580967,9.508866393361275,-0.3088663933612761
3700,evan engram,DEN,TE,9.4,fantasypros,Evan Engram,DEN,TE,2.5405405405405403,0.9217372788866557,389.110525580967,9.508866393361275,-0.10886639336127502
3700,darius slayton,NYG,WR,6.0,fantasypros,Darius Slayton,NYG,WR,1.6216216216216215,-0.3717054247905601,389.110525580967,9.508866393361275,-3.5088663933612754
3600,malik washington,MIA,WR,6.3,fantasypros,Malik Washington,MIA,WR,1.75,-0.31422057456117025,389.110525580967,9.251870004351511,-2.9518700043515116
3600,xavier legette,CAR,WR,8.0,fantasypros,Xavier Legette,CAR,WR,2.2222222222222223,0.011526910072039188,389.110525580967,9.251870004351511,-1.2518700043515114
3600,harold fannin jr,CLE,TE,9.4,fantasypros,Harold Fannin Jr.,CLE,TE,2.611111111111111,0.9217372788866557,389.110525580967,9.251870004351511,0.14812999564848894
3600,jonnu smith,PIT,TE,7.7,fantasypros,Jonnu Smith,PIT,TE,2.138888888888889,0.45841126909244234,389.110525580967,9.251870004351511,-1.5518700043515112
3600,sterling shepard,TB,WR,2.4,fantasypros,Sterling Shepard,TB,WR,0.6666666666666666,-1.061523627543239,389.110525580967,9.251870004351511,-6.851870004351511
3600,tyler lockett,TEN,WR,3.6,fantasypros,Tyler Lockett,TEN,WR,1.0,-0.8315842266256794,389.110525580967,9.251870004351511,-5.651870004351512
3600,seahawks,SEA,DST,7.2,fantasypros,Seahawks ,SEA,DST,2.0,1.2911211348112523,389.110525580967,9.251870004351511,-2.0518700043515112
3500,xavier hutchinson,HOU,WR,3.7,fantasypros,Xavier Hutchinson,HOU,WR,1.0571428571428572,-0.8124226098825493,389.110525580967,8.994873615341747,-5.294873615341747
3500,josh reynolds,NYJ,WR,2.2,fantasypros,Josh Reynolds,NYJ,WR,0.6285714285714287,-1.099846861029499,389.110525580967,8.994873615341747,-6.794873615341747
3500,cade otton,TB,TE,7.1,fantasypros,Cade Otton,TB,TE,2.0285714285714285,0.29488444210624926,389.110525580967,8.994873615341747,-1.8948736153417478
3500,buccaneers,TB,DST,7.2,fantasypros,Buccaneers ,TB,DST,2.0571428571428574,1.2911211348112523,389.110525580967,8.994873615341747,-1.7948736153417473
3500,kendrick bourne,SF,WR,2.4,fantasypros,Kendrick Bourne,SF,WR,0.6857142857142857,-1.061523627543239,389.110525580967,8.994873615341747,-6.594873615341747
3400,dalton schultz,HOU,TE,6.8,fantasypros,Dalton Schultz,HOU,TE,2.0,0.21312102861315285,389.110525580967,8.737877226331982,-1.937877226331982
3400,vikings,MIN,DST,7.6,fantasypros,Vikings ,MIN,DST,2.235294117647059,1.7309536093073927,389.110525580967,8.737877226331982,-1.137877226331982
3400,chig okonkwo,TEN,TE,8.0,fantasypros,Chig Okonkwo,TEN,TE,2.3529411764705883,0.5401746825855387,389.110525580967,8.737877226331982,-0.7378772263319817
3400,tre tucker,LV,WR,4.8,fantasypros,Tre Tucker,LV,WR,1.411764705882353,-0.6016448257081197,389.110525580967,8.737877226331982,-3.937877226331982
3400,tory horton,SEA,WR,7.2,fantasypros,Tory Horton,SEA,WR,2.1176470588235294,-0.1417660238730005,389.110525580967,8.737877226331982,-1.5378772263319815
3400,olamide zaccheaus,CHI,WR,5.0,fantasypros,Olamide Zaccheaus,CHI,WR,1.4705882352941178,-0.5633215922218598,389.110525580967,8.737877226331982,-3.7378772263319817
3400,michael wilson,ARI,WR,5.6,fantasypros,Michael Wilson,ARI,WR,1.6470588235294117,-0.4483518917630801,389.110525580967,8.737877226331982,-3.137877226331982
3400,isaac teslaa,DET,WR,3.6,fantasypros,Isaac TeSlaa,DET,WR,1.0588235294117647,-0.8315842266256794,389.110525580967,8.737877226331982,-5.137877226331982
3300,jatavion sanders,CAR,TE,7.8,fantasypros,Ja'Tavion Sanders,CAR,TE,2.3636363636363638,0.4856657402568077,389.110525580967,8.480880837322218,-0.6808808373222179
3300,savion williams,GB,WR,3.4,fantasypros,Savion Williams,GB,WR,1.0303030303030303,-0.8699074601119392,389.110525580967,8.480880837322218,-5.080880837322217
3300,andrei iosivas,CIN,WR,4.4,fantasypros,Andrei Iosivas,CIN,WR,1.3333333333333335,-0.6782912926806396,389.110525580967,8.480880837322218,-4.080880837322217
3300,kyle williams,NE,WR,0.8,fantasypros,Kyle Williams,NE,WR,0.24242424242424246,-1.3681094954333184,389.110525580967,8.480880837322218,-7.680880837322218
3300,jahan dotson,PHI,WR,3.2,fantasypros,Jahan Dotson,PHI,WR,0.9696969696969698,-0.9082306935981992,389.110525580967,8.480880837322218,-5.280880837322218
3300,allen lazard,NYJ,WR,1.6,fantasypros,Allen Lazard,NYJ,WR,0.4848484848484849,-1.2148165614882787,389.110525580967,8.480880837322218,-6.880880837322218
3300,colts,IND,DST,6.6,fantasypros,Colts ,IND,DST,2.0,0.6313724230670402,389.110525580967,8.480880837322218,-1.8808808373222181
3300,luke farrell,SF,TE,5.0,fantasypros,Luke Farrell,SF,TE,1.5151515151515151,-0.2774594523454259,389.110525580967,8.480880837322218,-3.4808808373222178
3300,chiefs,KC,DST,7.3,fantasypros,Chiefs ,KC,DST,2.2121212121212124,1.4010792534352872,389.110525580967,8.480880837322218,-1.180880837322218
3200,falcons,ATL,DST,7.2,fantasypros,Falcons ,ATL,DST,2.25,1.2911211348112523,389.110525580967,8.223884448312454,-1.0238844483124536
3200,jaylin noel,HOU,WR,3.8,fantasypros,Jaylin Noel,HOU,WR,1.1874999999999998,-0.7932609931394194,389.110525580967,8.223884448312454,-4.423884448312454
3200,mike gesicki,CIN,TE,6.9,fantasypros,Mike Gesicki,CIN,TE,2.15625,0.2403754997775185,389.110525580967,8.223884448312454,-1.3238844483124534
3200,tutu atwell,LAR,WR,4.4,fantasypros,Tutu Atwell,LAR,WR,1.375,-0.6782912926806396,389.110525580967,8.223884448312454,-3.8238844483124534
3200,adonai mitchell,IND,WR,2.6,fantasypros,Adonai Mitchell,IND,WR,0.8125,-1.0232003940569792,389.110525580967,8.223884448312454,-5.623884448312454
3200,jaylin lane,WAS,WR,2.1,fantasypros,Jaylin Lane,WAS,WR,0.65625,-1.1190084777726288,389.110525580967,8.223884448312454,-6.123884448312454
3200,devaughn vele,NO,WR,2.6,fantasypros,Devaughn Vele,NO,WR,0.8125,-1.0232003940569792,389.110525580967,8.223884448312454,-5.623884448312454
3200,jalen tolbert,DAL,WR,2.6,fantasypros,Jalen Tolbert,DAL,WR,0.8125,-1.0232003940569792,389.110525580967,8.223884448312454,-5.623884448312454
3200,colston loveland,CHI,TE,7.3,fantasypros,Colston Loveland,CHI,TE,2.28125,0.3493933844349803,389.110525580967,8.223884448312454,-0.923884448312454
3200,theo johnson,NYG,TE,6.4,fantasypros,Theo Johnson,NYG,TE,2.0,0.10410314395569104,389.110525580967,8.223884448312454,-1.8238844483124534
3200,devontez walker,BAL,WR,6.7,fantasypros,Devontez Walker,BAL,WR,2.09375,-0.23757410758865033,389.110525580967,8.223884448312454,-1.5238844483124536
3200,ravens,BAL,DST,5.9,fantasypros,Ravens ,BAL,DST,1.84375,-0.1383344073012058,389.110525580967,8.223884448312454,-2.3238844483124534
3100,nick westbrookikhine,MIA,WR,3.6,fantasypros,Nick Westbrook-Ikhine,MIA,WR,1.1612903225806452,-0.8315842266256794,389.110525580967,7.96688805930269,-4.36688805930269
3100,isaiah bond,CLE,WR,2.4,fantasypros,Isaiah Bond,CLE,WR,0.7741935483870968,-1.061523627543239,389.110525580967,7.96688805930269,-5.5668880593026895
3100,noah fant,CIN,TE,5.2,fantasypros,Noah Fant,CIN,TE,1.6774193548387097,-0.22295051001669486,389.110525580967,7.96688805930269,-2.7668880593026897
3100,mack hollins,NE,WR,3.2,fantasypros,Mack Hollins,NE,WR,1.032258064516129,-0.9082306935981992,389.110525580967,7.96688805930269,-4.76688805930269
3100,pat freiermuth,PIT,TE,7.2,fantasypros,Pat Freiermuth,PIT,TE,2.3225806451612905,0.3221389132706149,389.110525580967,7.96688805930269,-0.7668880593026897
3100,eagles,PHI,DST,6.0,fantasypros,Eagles ,PHI,DST,1.9354838709677418,-0.02837628867717095,389.110525580967,7.96688805930269,-1.9668880593026898
3100,luke mccaffrey,WAS,WR,1.0,fantasypros,Luke McCaffrey,WAS,WR,0.3225806451612903,-1.3297862619470584,389.110525580967,7.96688805930269,-6.96688805930269
3100,pat bryant,DEN,WR,6.7,fantasypros,Pat Bryant,DEN,WR,2.161290322580645,-0.23757410758865033,389.110525580967,7.96688805930269,-1.2668880593026897
3100,greg dortch,ARI,WR,1.5,fantasypros,Greg Dortch,ARI,WR,0.48387096774193544,-1.2339781782314085,389.110525580967,7.96688805930269,-6.46688805930269
3100,ers,SF,DST,6.7,fantasypros,49ers ,SF,DST,2.161290322580645,0.741330541691076,389.110525580967,7.96688805930269,-1.2668880593026897
3100,kalif raymond,DET,WR,2.3,fantasypros,Kalif Raymond,DET,WR,0.7419354838709676,-1.080685244286369,389.110525580967,7.96688805930269,-5.66688805930269
3100,tylan wallace,BAL,WR,2.3,fantasypros,Tylan Wallace,BAL,WR,0.7419354838709676,-1.080685244286369,389.110525580967,7.96688805930269,-5.66688805930269
3000,tyrell shavers,BUF,WR,1.2,fantasypros,Tyrell Shavers,BUF,WR,0.39999999999999997,-1.2914630284607984,389.110525580967,7.709891670292926,-6.509891670292926
3000,brycen tremayne,CAR,WR,4.7,fantasypros,Brycen Tremayne,CAR,WR,1.5666666666666667,-0.6208064424512497,389.110525580967,7.709891670292926,-3.0098916702929257
3000,david moore,CAR,WR,1.2,fantasypros,David Moore,CAR,WR,0.39999999999999997,-1.2914630284607984,389.110525580967,7.709891670292926,-6.509891670292926
3000,jamari thrash,CLE,WR,1.5,fantasypros,Jamari Thrash,CLE,WR,0.5,-1.2339781782314085,389.110525580967,7.709891670292926,-6.209891670292926
3000,justin watson,HOU,WR,1.6,fantasypros,Justin Watson,HOU,WR,0.5333333333333333,-1.2148165614882787,389.110525580967,7.709891670292926,-6.109891670292926
3000,tai felton,MIN,WR,1.1,fantasypros,Tai Felton,MIN,WR,0.3666666666666667,-1.3106246452039285,389.110525580967,7.709891670292926,-6.609891670292926
3000,roman wilson,PIT,WR,2.4,fantasypros,Roman Wilson,PIT,WR,0.7999999999999999,-1.061523627543239,389.110525580967,7.709891670292926,-5.3098916702929255
3000,john metchie iii,PHI,WR,0.5,fantasypros,John Metchie III,PHI,WR,0.16666666666666666,-1.4255943456627083,389.110525580967,7.709891670292926,-7.209891670292926
3000,jordan whittington,LAR,WR,2.6,fantasypros,Jordan Whittington,LAR,WR,0.8666666666666667,-1.0232003940569792,389.110525580967,7.709891670292926,-5.109891670292926
3000,tyler johnson,NYJ,WR,2.2,fantasypros,Tyler Johnson,NYJ,WR,0.7333333333333334,-1.099846861029499,389.110525580967,7.709891670292926,-5.509891670292926
3000,arian smith,NYJ,WR,2.0,fantasypros,Arian Smith,NYJ,WR,0.6666666666666666,-1.138170094515759,389.110525580967,7.709891670292926,-5.709891670292926
3000,chimere dike,TEN,WR,2.4,fantasypros,Chimere Dike,TEN,WR,0.7999999999999999,-1.061523627543239,389.110525580967,7.709891670292926,-5.3098916702929255
3000,van jefferson,TEN,WR,1.6,fantasypros,Van Jefferson,TEN,WR,0.5333333333333333,-1.2148165614882787,389.110525580967,7.709891670292926,-6.109891670292926
3000,noah brown,WAS,WR,4.4,fantasypros,Noah Brown,WAS,WR,1.4666666666666668,-0.6782912926806396,389.110525580967,7.709891670292926,-3.3098916702929255
3000,michael mayer,LV,TE,4.5,fantasypros,Michael Mayer,LV,TE,1.5,-0.4137318081672533,389.110525580967,7.709891670292926,-3.209891670292926
3000,commanders,WAS,DST,5.6,fantasypros,Commanders ,WAS,DST,1.8666666666666665,-0.46820876317331234,389.110525580967,7.709891670292926,-2.1098916702929262
3000,tre harris,LAC,WR,2.7,fantasypros,Tre' Harris,LAC,WR,0.9,-1.004038777313849,389.110525580967,7.709891670292926,-5.009891670292926
3000,keandre lambertsmith,LAC,WR,1.0,fantasypros,KeAndre Lambert-Smith,LAC,WR,0.3333333333333333,-1.3297862619470584,389.110525580967,7.709891670292926,-6.709891670292926
3000,derius davis,LAC,WR,0.5,fantasypros,Derius Davis,LAC,WR,0.16666666666666666,-1.4255943456627083,389.110525580967,7.709891670292926,-7.209891670292926
3000,broncos,DEN,DST,6.4,fantasypros,Broncos ,DEN,DST,2.1333333333333333,0.4114561858189705,389.110525580967,7.709891670292926,-1.3098916702929255
3000,aj barner,SEA,TE,6.4,fantasypros,AJ Barner,SEA,TE,2.1333333333333333,0.10410314395569104,389.110525580967,7.709891670292926,-1.3098916702929255
3000,cole kmet,CHI,TE,5.5,fantasypros,Cole Kmet,CHI,TE,1.8333333333333333,-0.14118709652359845,389.110525580967,7.709891670292926,-2.209891670292926
3000,zay jones,ARI,WR,1.9,fantasypros,Zay Jones,ARI,WR,0.6333333333333333,-1.1573317112588888,389.110525580967,7.709891670292926,-5.8098916702929255
3000,jalin hyatt,NYG,WR,0.0,fantasypros,Jalin Hyatt,NYG,WR,0.0,-1.5214024293783581,389.110525580967,7.709891670292926,-7.709891670292926
2900,tyler higbee,LAR,TE,5.1,fantasypros,Tyler Higbee,LAR,TE,1.7586206896551724,-0.2502049811810605,389.110525580967,7.452895281283161,-2.3528952812831614
2900,will dissly,LAC,TE,3.8,fantasypros,Will Dissly,LAC,TE,1.3103448275862069,-0.6045131063178117,389.110525580967,7.452895281283161,-3.652895281283161
2900,chargers,LAC,DST,5.9,fantasypros,Chargers ,LAC,DST,2.03448275862069,-0.1383344073012058,389.110525580967,7.452895281283161,-1.5528952812831607
2900,jake tonges,SF,TE,6.4,fantasypros,Jake Tonges,SF,TE,2.206896551724138,0.10410314395569104,389.110525580967,7.452895281283161,-1.0528952812831607
2900,cardinals,ARI,DST,5.8,fantasypros,Cardinals ,ARI,DST,2.0,-0.24829252592524165,389.110525580967,7.452895281283161,-1.6528952812831612
2800,austin hooper,NE,TE,4.2,fantasypros,Austin Hooper,NE,TE,1.5000000000000002,-0.4954952216603497,389.110525580967,7.195898892273397,-2.995898892273397
2800,steelers,PIT,DST,5.9,fantasypros,Steelers ,PIT,DST,2.107142857142857,-0.1383344073012058,389.110525580967,7.195898892273397,-1.2958988922733967
2800,payne durham,TB,TE,1.5,fantasypros,Payne Durham,TB,TE,0.5357142857142857,-1.231365943098218,389.110525580967,7.195898892273397,-5.695898892273397
2800,tyler conklin,LAC,TE,3.7,fantasypros,Tyler Conklin,LAC,TE,1.3214285714285716,-0.6317675774821772,389.110525580967,7.195898892273397,-3.495898892273397
2800,noah gray,KC,TE,4.9,fantasypros,Noah Gray,KC,TE,1.7500000000000002,-0.30471392350979126,389.110525580967,7.195898892273397,-2.2958988922733967
2700,luke musgrave,GB,TE,3.7,fantasypros,Luke Musgrave,GB,TE,1.3703703703703702,-0.6317675774821772,389.110525580967,6.938902503263633,-3.238902503263633
2700,texans,HOU,DST,6.8,fantasypros,Texans ,HOU,DST,2.518518518518518,0.8512886603151109,389.110525580967,6.938902503263633,-0.1389025032636333
2700,grant calcaterra,PHI,TE,3.1,fantasypros,Grant Calcaterra,PHI,TE,1.1481481481481481,-0.7952944044683701,389.110525580967,6.938902503263633,-3.838902503263633
2700,adam trautman,DEN,TE,5.0,fantasypros,Adam Trautman,DEN,TE,1.8518518518518516,-0.2774594523454259,389.110525580967,6.938902503263633,-1.9389025032636331
2700,cowboys,DAL,DST,5.6,fantasypros,Cowboys ,DAL,DST,2.074074074074074,-0.46820876317331234,389.110525580967,6.938902503263633,-1.3389025032636335
2700,brock wright,DET,TE,2.2,fantasypros,Brock Wright,DET,TE,0.8148148148148149,-1.0405846449476595,389.110525580967,6.938902503263633,-4.738902503263633
2600,dawson knox,BUF,TE,4.4,fantasypros,Dawson Knox,BUF,TE,1.6923076923076923,-0.4409862793316187,389.110525580967,6.681906114253869,-2.281906114253869
2600,patriots,NE,DST,5.6,fantasypros,Patriots ,NE,DST,2.1538461538461537,-0.46820876317331234,389.110525580967,6.681906114253869,-1.0819061142538695
2600,mason taylor,NYJ,TE,5.0,fantasypros,Mason Taylor,NYJ,TE,1.923076923076923,-0.2774594523454259,389.110525580967,6.681906114253869,-1.6819061142538692
2600,gunnar helm,TEN,TE,2.9,fantasypros,Gunnar Helm,TEN,TE,1.1153846153846154,-0.8498033467971011,389.110525580967,6.681906114253869,-3.7819061142538692
2600,bears,CHI,DST,5.4,fantasypros,Bears ,CHI,DST,2.076923076923077,-0.6881250004213821,389.110525580967,6.681906114253869,-1.2819061142538688
2500,julian hill,MIA,TE,0.9,fantasypros,Julian Hill,MIA,TE,0.36,-1.3948927700844107,389.110525580967,6.424909725244104,-5.524909725244104
2500,tanner conner,MIA,TE,2.8,fantasypros,Tanner Conner,MIA,TE,1.1199999999999999,-0.8770578179614666,389.110525580967,6.424909725244104,-3.6249097252441045
2500,tommy tremble,CAR,TE,2.7,fantasypros,Tommy Tremble,CAR,TE,1.08,-0.9043122891258321,389.110525580967,6.424909725244104,-3.724909725244104
2500,mitchell evans,CAR,TE,0.6,fantasypros,Mitchell Evans,CAR,TE,0.24,-1.4766561835775074,389.110525580967,6.424909725244104,-5.824909725244105
2500,panthers,CAR,DST,4.6,fantasypros,Panthers ,CAR,DST,1.8399999999999999,-1.567789949413665,389.110525580967,6.424909725244104,-1.8249097252441047
2500,josh oliver,MIN,TE,1.2,fantasypros,Josh Oliver,MIN,TE,0.48,-1.3131293565913145,389.110525580967,6.424909725244104,-5.224909725244104
2500,terrance ferguson,LAR,TE,1.7,fantasypros,Terrance Ferguson,LAR,TE,0.6799999999999999,-1.176857000769487,389.110525580967,6.424909725244104,-4.724909725244104
2500,jeremy ruckert,NYJ,TE,3.0,fantasypros,Jeremy Ruckert,NYJ,TE,1.2,-0.8225488756327356,389.110525580967,6.424909725244104,-3.4249097252441043
2500,stone smartt,NYJ,TE,0.6,fantasypros,Stone Smartt,NYJ,TE,0.24,-1.4766561835775074,389.110525580967,6.424909725244104,-5.824909725244105
2500,titans,TEN,DST,5.4,fantasypros,Titans ,TEN,DST,2.16,-0.6881250004213821,389.110525580967,6.424909725244104,-1.024909725244104
2500,john bates,WAS,TE,0.5,fantasypros,John Bates,WAS,TE,0.2,-1.5039106547418728,389.110525580967,6.424909725244104,-5.924909725244104
2500,ben sinnott,WAS,TE,1.8,fantasypros,Ben Sinnott,WAS,TE,0.72,-1.1496025296051215,389.110525580967,6.424909725244104,-4.6249097252441045
2500,elijah arroyo,SEA,TE,4.4,fantasypros,Elijah Arroyo,SEA,TE,1.7600000000000002,-0.4409862793316187,389.110525580967,6.424909725244104,-2.024909725244104
2500,luke schoonmaker,DAL,TE,2.7,fantasypros,Luke Schoonmaker,DAL,TE,1.08,-0.9043122891258321,389.110525580967,6.424909725244104,-3.724909725244104
2500,elijah higgins,ARI,TE,3.6,fantasypros,Elijah Higgins,ARI,TE,1.44,-0.6590220486465427,389.110525580967,6.424909725244104,-2.824909725244104
2500,daniel bellinger,NYG,TE,1.5,fantasypros,Daniel Bellinger,NYG,TE,0.6,-1.231365943098218,389.110525580967,6.424909725244104,-4.924909725244104
2500,charlie kolar,BAL,TE,1.8,fantasypros,Charlie Kolar,BAL,TE,0.72,-1.1496025296051215,389.110525580967,6.424909725244104,-4.6249097252441045
2500,lions,DET,DST,5.4,fantasypros,Lions ,DET,DST,2.16,-0.6881250004213821,389.110525580967,6.424909725244104,-1.024909725244104
2400,bengals,CIN,DST,5.6,fantasypros,Bengals ,CIN,DST,2.3333333333333335,-0.46820876317331234,389.110525580967,6.16791333623434,-0.5679133362343407
2400,rams,LAR,DST,5.4,fantasypros,Rams ,LAR,DST,2.2500000000000004,-0.6881250004213821,389.110525580967,6.16791333623434,-0.76791333623434
2400,giants,NYG,DST,5.5,fantasypros,Giants ,NYG,DST,2.291666666666667,-0.5781668817973472,389.110525580967,6.16791333623434,-0.6679133362343403
2300,raiders,LV,DST,5.1,fantasypros,Raiders ,LV,DST,2.217391304347826,-1.0179993562934886,389.110525580967,5.910916947224576,-0.8109169472245767
2300,saints,NO,DST,5.2,fantasypros,Saints ,NO,DST,2.2608695652173916,-0.9080412376694528,389.110525580967,5.910916947224576,-0.7109169472245762
2200,browns,CLE,DST,4.8,fantasypros,Browns ,CLE,DST,2.1818181818181817,-1.3478737121655942,389.110525580967,5.653920558214812,-0.8539205582148126
2200,jets,NYJ,DST,5.3,fantasypros,Jets ,NYJ,DST,2.4090909090909087,-0.798083119045418,389.110525580967,5.653920558214812,-0.3539205582148126
2100,dolphins,MIA,DST,4.5,fantasypros,Dolphins ,MIA,DST,2.142857142857143,-1.6777480680376997,389.110525580967,5.396924169205048,-0.8969241692050476
